product_id,sku,name,brand,category,price,stock,rating,description,image_url
1,EL-TEC-5012,Durable TechCorp Charging Pad,TechCorp,Electronics,141.68,149,3.6,Experience the ultimate performance with the Durable TechCorp Charging Pad. Designed for modern users seeking quality in electronics.,https://images.unsplash.com/photo-1506107107737?auto=format&fit=crop&w=600&q=80
2,EL-TEC-9279,Ergonomic TechCorp Smart Watch,TechCorp,Electronics,365.18,149,4.1,Experience the ultimate performance with the Ergonomic TechCorp Smart Watch. Designed for modern users seeking quality in electronics.,https://images.unsplash.com/photo-1579238749482?auto=format&fit=crop&w=600&q=80
3,HO-COO-6574,Ultra-Light CookSmart Non-Stick Frying Pan,CookSmart,Home & Kitchen,173.93,96,3.7,Experience the ultimate performance with the Ultra-Light CookSmart Non-Stick Frying Pan. Designed for modern users seeking quality in home & kitchen.,https://images.unsplash.com/photo-1514516677245?auto=format&fit=crop&w=600&q=80
4,HO-BRE-1711,Durable BrewMaster Ceramic Coffee Mug,BrewMaster,Home & Kitchen,440.53,106,3.6,Experience the ultimate performance with the Durable BrewMaster Ceramic Coffee Mug. Designed for modern users seeking quality in home & kitchen.,https://images.unsplash.com/photo-1584304365998?auto=format&fit=crop&w=600&q=80
5,HO-ECO-1750,Eco-Friendly EcoLiving Non-Stick Frying Pan,EcoLiving,Home & Kitchen,400.14,30,4.8,Experience the ultimate performance with the Eco-Friendly EcoLiving Non-Stick Frying Pan. Designed for modern users seeking quality in home & kitchen.,https://images.unsplash.com/photo-1516606420914?auto=format&fit=crop&w=600&q=80
6,BE-SCE-3664,Sleek ScentOasis Organic Argan Hair Oil,ScentOasis,Beauty,228.4,78,4.6,Experience the ultimate performance with the Sleek ScentOasis Organic Argan Hair Oil. Designed for modern users seeking quality in beauty.,https://images.unsplash.com/photo-1588835160792?auto=format&fit=crop&w=600&q=80
7,EL-AUR-9751,Minimalist Aura Charging Pad,Aura,Electronics,440.17,4,3.9,Experience the ultimate performance with the Minimalist Aura Charging Pad. Designed for modern users seeking quality in electronics.,https://images.unsplash.com/photo-1589873870754?auto=format&fit=crop&w=600&q=80
8,SP-TRA-4752,Premium TrailBlazer Resistance Bands Set,TrailBlazer,Sports & Outdoors,494.85,112,3.9,Experience the ultimate performance with the Premium TrailBlazer Resistance Bands Set. Designed for modern users seeking quality in sports & outdoors.,https://images.unsplash.com/photo-1581359177700?auto=format&fit=crop&w=600&q=80
9,HO-NES-8517,Ultra-Light NestComfort Digital Food Scale,NestComfort,Home & Kitchen,94.28,5,4.3,Experience the ultimate performance with the Ultra-Light NestComfort Digital Food Scale. Designed for modern users seeking quality in home & kitchen.,https://images.unsplash.com/photo-1580517811206?auto=format&fit=crop&w=600&q=80
10,BE-COL-4593,Sleek ColorPop Organic Argan Hair Oil,ColorPop,Beauty,598.41,4,3.6,Experience the ultimate performance with the Sleek ColorPop Organic Argan Hair Oil. Designed for modern users seeking quality in beauty.,https://images.unsplash.com/photo-1517650808629?auto=format&fit=crop&w=600&q=80
11,CL-LUX-7304,Eco-Friendly LuxeSilk Athletic Running Shorts,LuxeSilk,Clothing,235.15,145,3.9,Experience the ultimate performance with the Eco-Friendly LuxeSilk Athletic Running Shorts. Designed for modern users seeking quality in clothing.,https://images.unsplash.com/photo-1504047709743?auto=format&fit=crop&w=600&q=80
12,EL-AUR-6573,Durable Aura USB-C Hub,Aura,Electronics,75.81,126,3.5,Experience the ultimate performance with the Durable Aura USB-C Hub. Designed for modern users seeking quality in electronics.,https://images.unsplash.com/photo-1537450743307?auto=format&fit=crop&w=600&q=80
13,SP-TRA-5889,Eco-Friendly TrailBlazer Lightweight Backpack,TrailBlazer,Sports & Outdoors,506.57,60,3.7,Experience the ultimate performance with the Eco-Friendly TrailBlazer Lightweight Backpack. Designed for modern users seeking quality in sports & outdoors.,https://images.unsplash.com/photo-1524749795425?auto=format&fit=crop&w=600&q=80
14,SP-WIL-6310,Compact WildCore Insulated Water Bottle,WildCore,Sports & Outdoors,298.27,3,4.8,Experience the ultimate performance with the Compact WildCore Insulated Water Bottle. Designed for modern users seeking quality in sports & outdoors.,https://images.unsplash.com/photo-1531385534207?auto=format&fit=crop&w=600&q=80
15,EL-GAD-2403,Eco-Friendly GadgetCo Mechanical Keyboard,GadgetCo,Electronics,441.82,146,4.6,Experience the ultimate performance with the Eco-Friendly GadgetCo Mechanical Keyboard. Designed for modern users seeking quality in electronics.,https://images.unsplash.com/photo-1590745750365?auto=format&fit=crop&w=600&q=80
16,BE-COL-9645,Durable ColorPop Matte Liquid Lipstick,ColorPop,Beauty,524.73,64,4.9,Experience the ultimate performance with the Durable ColorPop Matte Liquid Lipstick. Designed for modern users seeking quality in beauty.,https://images.unsplash.com/photo-1528732762716?auto=format&fit=crop&w=600&q=80
17,HO-CLE-9479,Classic CleanSweep Memory Foam Pillow,CleanSweep,Home & Kitchen,276.37,26,4.0,Experience the ultimate performance with the Classic CleanSweep Memory Foam Pillow. Designed for modern users seeking quality in home & kitchen.,https://images.unsplash.com/photo-1575541210722?auto=format&fit=crop&w=600&q=80
18,CL-DEN-2163,Premium DenimLab Slim-Fit Chino Pants,DenimLab,Clothing,427.62,0,3.6,Experience the ultimate performance with the Premium DenimLab Slim-Fit Chino Pants. Designed for modern users seeking quality in clothing.,https://images.unsplash.com/photo-1510009114172?auto=format&fit=crop&w=600&q=80
19,SP-TRA-4510,Classic TrailBlazer Resistance Bands Set,TrailBlazer,Sports & Outdoors,328.14,131,3.9,Experience the ultimate performance with the Classic TrailBlazer Resistance Bands Set. Designed for modern users seeking quality in sports & outdoors.,https://images.unsplash.com/photo-1527518113010?auto=format&fit=crop&w=600&q=80
20,EL-TEC-6804,Ultra-Light TechCorp Charging Pad,TechCorp,Electronics,259.9,23,4.5,Experience the ultimate performance with the Ultra-Light TechCorp Charging Pad. Designed for modern users seeking quality in electronics.,https://images.unsplash.com/photo-1590126303312?auto=format&fit=crop&w=600&q=80
21,EL-TEC-2790,Sleek TechCorp 4K Monitor,TechCorp,Electronics,156.7,4,3.7,Experience the ultimate performance with the Sleek TechCorp 4K Monitor. Designed for modern users seeking quality in electronics.,https://images.unsplash.com/photo-1535147813494?auto=format&fit=crop&w=600&q=80
22,BE-PUR-2604,Classic PureRadiance Hydrating Face Serum,PureRadiance,Beauty,39.84,13,5.0,Experience the ultimate performance with the Classic PureRadiance Hydrating Face Serum. Designed for modern users seeking quality in beauty.,https://images.unsplash.com/photo-1533709891493?auto=format&fit=crop&w=600&q=80
23,CL-LUX-4502,Classic LuxeSilk Organic Cotton T-Shirt,LuxeSilk,Clothing,520.13,52,4.1,Experience the ultimate performance with the Classic LuxeSilk Organic Cotton T-Shirt. Designed for modern users seeking quality in clothing.,https://images.unsplash.com/photo-1555771476808?auto=format&fit=crop&w=600&q=80
24,HO-CLE-8973,Ultra-Light CleanSweep Memory Foam Pillow,CleanSweep,Home & Kitchen,101.32,24,4.4,Experience the ultimate performance with the Ultra-Light CleanSweep Memory Foam Pillow. Designed for modern users seeking quality in home & kitchen.,https://images.unsplash.com/photo-1506623677968?auto=format&fit=crop&w=600&q=80
25,HO-COO-8811,Compact CookSmart Stainless Steel Kettle,CookSmart,Home & Kitchen,306.67,50,3.6,Experience the ultimate performance with the Compact CookSmart Stainless Steel Kettle. Designed for modern users seeking quality in home & kitchen.,https://images.unsplash.com/photo-1510771041378?auto=format&fit=crop&w=600&q=80
26,CL-THR-4853,Eco-Friendly ThreadCo Athletic Running Shorts,ThreadCo,Clothing,248.22,73,4.4,Experience the ultimate performance with the Eco-Friendly ThreadCo Athletic Running Shorts. Designed for modern users seeking quality in clothing.,https://images.unsplash.com/photo-1581775067774?auto=format&fit=crop&w=600&q=80
27,EL-QUA-9565,Compact Quantum Charging Pad,Quantum,Electronics,196.65,90,3.9,Experience the ultimate performance with the Compact Quantum Charging Pad. Designed for modern users seeking quality in electronics.,https://images.unsplash.com/photo-1518879756454?auto=format&fit=crop&w=600&q=80
28,HO-CLE-1152,Eco-Friendly CleanSweep Memory Foam Pillow,CleanSweep,Home & Kitchen,280.38,35,3.6,Experience the ultimate performance with the Eco-Friendly CleanSweep Memory Foam Pillow. Designed for modern users seeking quality in home & kitchen.,https://images.unsplash.com/photo-1569634967531?auto=format&fit=crop&w=600&q=80
29,HO-NES-5002,Eco-Friendly NestComfort Memory Foam Pillow,NestComfort,Home & Kitchen,228.01,5,4.6,Experience the ultimate performance with the Eco-Friendly NestComfort Memory Foam Pillow. Designed for modern users seeking quality in home & kitchen.,https://images.unsplash.com/photo-1571528283622?auto=format&fit=crop&w=600&q=80
30,EL-AUR-3200,Eco-Friendly Aura Bluetooth Speaker,Aura,Electronics,166.02,49,3.9,Experience the ultimate performance with the Eco-Friendly Aura Bluetooth Speaker. Designed for modern users seeking quality in electronics.,https://images.unsplash.com/photo-1528367528107?auto=format&fit=crop&w=600&q=80
31,HO-NES-9004,Pro-Series NestComfort Memory Foam Pillow,NestComfort,Home & Kitchen,158.15,23,3.6,Experience the ultimate performance with the Pro-Series NestComfort Memory Foam Pillow. Designed for modern users seeking quality in home & kitchen.,https://images.unsplash.com/photo-1505483299827?auto=format&fit=crop&w=600&q=80
32,EL-VOL-5291,Minimalist Volt USB-C Hub,Volt,Electronics,105.32,119,4.3,Experience the ultimate performance with the Minimalist Volt USB-C Hub. Designed for modern users seeking quality in electronics.,https://images.unsplash.com/photo-1509070429256?auto=format&fit=crop&w=600&q=80
33,CL-DEN-3426,Sleek DenimLab Classic Crewneck Sweater,DenimLab,Clothing,263.56,0,1.9,Experience the ultimate performance with the Sleek DenimLab Classic Crewneck Sweater. Designed for modern users seeking quality in clothing.,https://images.unsplash.com/photo-1527306582726?auto=format&fit=crop&w=600&q=80
34,CL-THR-7658,Pro-Series ThreadCo Water-Resistant Windbreaker,ThreadCo,Clothing,584.55,70,4.8,Experience the ultimate performance with the Pro-Series ThreadCo Water-Resistant Windbreaker. Designed for modern users seeking quality in clothing.,https://images.unsplash.com/photo-1524957074522?auto=format&fit=crop&w=600&q=80
35,BE-GLO-7745,Sleek GlowBio Matte Liquid Lipstick,GlowBio,Beauty,483.31,73,3.9,Experience the ultimate performance with the Sleek GlowBio Matte Liquid Lipstick. Designed for modern users seeking quality in beauty.,https://images.unsplash.com/photo-1597871028287?auto=format&fit=crop&w=600&q=80
36,EL-QUA-8711,Premium Quantum USB-C Hub,Quantum,Electronics,141.23,127,4.0,Experience the ultimate performance with the Premium Quantum USB-C Hub. Designed for modern users seeking quality in electronics.,https://images.unsplash.com/photo-1533807075019?auto=format&fit=crop&w=600&q=80
37,CL-THR-6378,Ultra-Light ThreadCo Slim-Fit Chino Pants,ThreadCo,Clothing,174.37,0,4.7,Experience the ultimate performance with the Ultra-Light ThreadCo Slim-Fit Chino Pants. Designed for modern users seeking quality in clothing.,https://images.unsplash.com/photo-1587407507057?auto=format&fit=crop&w=600&q=80
38,SP-IRO-1452,Sleek IronGear Lightweight Backpack,IronGear,Sports & Outdoors,78.04,55,4.4,Experience the ultimate performance with the Sleek IronGear Lightweight Backpack. Designed for modern users seeking quality in sports & outdoors.,https://images.unsplash.com/photo-1538584055930?auto=format&fit=crop&w=600&q=80
39,EL-TEC-6663,Ultra-Light TechCorp Mechanical Keyboard,TechCorp,Electronics,439.83,140,3.7,Experience the ultimate performance with the Ultra-Light TechCorp Mechanical Keyboard. Designed for modern users seeking quality in electronics.,https://images.unsplash.com/photo-1581172754729?auto=format&fit=crop&w=600&q=80
40,CL-URB-1027,Ultra-Light UrbanFit Classic Crewneck Sweater,UrbanFit,Clothing,316.74,60,4.0,Experience the ultimate performance with the Ultra-Light UrbanFit Classic Crewneck Sweater. Designed for modern users seeking quality in clothing.,https://images.unsplash.com/photo-1583022576975?auto=format&fit=crop&w=600&q=80
41,HO-COO-6067,Pro-Series CookSmart Memory Foam Pillow,CookSmart,Home & Kitchen,403.46,85,4.3,Experience the ultimate performance with the Pro-Series CookSmart Memory Foam Pillow. Designed for modern users seeking quality in home & kitchen.,https://images.unsplash.com/photo-1556658521782?auto=format&fit=crop&w=600&q=80
42,BE-PUR-5930,Compact PureRadiance Exfoliating Body Scrub,PureRadiance,Beauty,249.57,87,3.9,Experience the ultimate performance with the Compact PureRadiance Exfoliating Body Scrub. Designed for modern users seeking quality in beauty.,https://images.unsplash.com/photo-1584095394278?auto=format&fit=crop&w=600&q=80
43,HO-CLE-4501,Classic CleanSweep Digital Food Scale,CleanSweep,Home & Kitchen,311.58,53,4.5,Experience the ultimate performance with the Classic CleanSweep Digital Food Scale. Designed for modern users seeking quality in home & kitchen.,https://images.unsplash.com/photo-1569938330064?auto=format&fit=crop&w=600&q=80
44,SP-HYD-6085,Ergonomic HydroFit Insulated Water Bottle,HydroFit,Sports & Outdoors,142.53,1,3.6,Experience the ultimate performance with the Ergonomic HydroFit Insulated Water Bottle. Designed for modern users seeking quality in sports & outdoors.,https://images.unsplash.com/photo-1568650482468?auto=format&fit=crop&w=600&q=80
45,SP-PEA-4185,Ultra-Light PeakPulse Waterproof Camping Tent,PeakPulse,Sports & Outdoors,433.81,112,3.9,Experience the ultimate performance with the Ultra-Light PeakPulse Waterproof Camping Tent. Designed for modern users seeking quality in sports & outdoors.,https://images.unsplash.com/photo-1597307028201?auto=format&fit=crop&w=600&q=80
46,EL-TEC-4585,Ultra-Light TechCorp USB-C Hub,TechCorp,Electronics,113.76,142,4.2,Experience the ultimate performance with the Ultra-Light TechCorp USB-C Hub. Designed for modern users seeking quality in electronics.,https://images.unsplash.com/photo-1532458810745?auto=format&fit=crop&w=600&q=80
47,EL-QUA-9702,Classic Quantum Smart Watch,Quantum,Electronics,592.85,123,4.4,Experience the ultimate performance with the Classic Quantum Smart Watch. Designed for modern users seeking quality in electronics.,https://images.unsplash.com/photo-1558002580547?auto=format&fit=crop&w=600&q=80
48,SP-IRO-8373,Classic IronGear Ergonomic Yoga Mat,IronGear,Sports & Outdoors,162.91,80,4.6,Experience the ultimate performance with the Classic IronGear Ergonomic Yoga Mat. Designed for modern users seeking quality in sports & outdoors.,https://images.unsplash.com/photo-1566663475091?auto=format&fit=crop&w=600&q=80
49,CL-URB-5681,Eco-Friendly UrbanFit Organic Cotton T-Shirt,UrbanFit,Clothing,148.34,148,3.6,Experience the ultimate performance with the Eco-Friendly UrbanFit Organic Cotton T-Shirt. Designed for modern users seeking quality in clothing.,https://images.unsplash.com/photo-1530712583830?auto=format&fit=crop&w=600&q=80
50,BE-PUR-7797,Eco-Friendly PureRadiance Matte Liquid Lipstick,PureRadiance,Beauty,250.47,116,3.6,Experience the ultimate performance with the Eco-Friendly PureRadiance Matte Liquid Lipstick. Designed for modern users seeking quality in beauty.,https://images.unsplash.com/photo-1559411815182?auto=format&fit=crop&w=600&q=80
51,BE-COL-7232,Compact ColorPop Hydrating Face Serum,ColorPop,Beauty,291.41,86,4.6,Experience the ultimate performance with the Compact ColorPop Hydrating Face Serum. Designed for modern users seeking quality in beauty.,https://images.unsplash.com/photo-1574814126733?auto=format&fit=crop&w=600&q=80
52,SP-WIL-4595,Classic WildCore Ergonomic Yoga Mat,WildCore,Sports & Outdoors,171.02,109,4.0,Experience the ultimate performance with the Classic WildCore Ergonomic Yoga Mat. Designed for modern users seeking quality in sports & outdoors.,https://images.unsplash.com/photo-1575687017337?auto=format&fit=crop&w=600&q=80
53,EL-QUA-1444,Compact Quantum Mechanical Keyboard,Quantum,Electronics,59.52,128,3.8,Experience the ultimate performance with the Compact Quantum Mechanical Keyboard. Designed for modern users seeking quality in electronics.,https://images.unsplash.com/photo-1552656970404?auto=format&fit=crop&w=600&q=80
54,HO-NES-6529,Sleek NestComfort Digital Food Scale,NestComfort,Home & Kitchen,459.12,117,3.9,Experience the ultimate performance with the Sleek NestComfort Digital Food Scale. Designed for modern users seeking quality in home & kitchen.,https://images.unsplash.com/photo-1564776294029?auto=format&fit=crop&w=600&q=80
55,EL-AUR-4673,Sleek Aura Wireless Earbuds,Aura,Electronics,393.58,20,4.6,Experience the ultimate performance with the Sleek Aura Wireless Earbuds. Designed for modern users seeking quality in electronics.,https://images.unsplash.com/photo-1534143322405?auto=format&fit=crop&w=600&q=80
56,CL-THR-4908,Minimalist ThreadCo Athletic Running Shorts,ThreadCo,Clothing,84.46,65,4.2,Experience the ultimate performance with the Minimalist ThreadCo Athletic Running Shorts. Designed for modern users seeking quality in clothing.,https://images.unsplash.com/photo-1523059229191?auto=format&fit=crop&w=600&q=80
57,SP-WIL-6096,Minimalist WildCore Insulated Water Bottle,WildCore,Sports & Outdoors,73.77,0,1.7,Experience the ultimate performance with the Minimalist WildCore Insulated Water Bottle. Designed for modern users seeking quality in sports & outdoors.,https://images.unsplash.com/photo-1555654928546?auto=format&fit=crop&w=600&q=80
58,BE-PUR-4978,Compact PureRadiance Hydrating Face Serum,PureRadiance,Beauty,70.11,40,4.7,Experience the ultimate performance with the Compact PureRadiance Hydrating Face Serum. Designed for modern users seeking quality in beauty.,https://images.unsplash.com/photo-1547421030846?auto=format&fit=crop&w=600&q=80
59,SP-IRO-9289,Eco-Friendly IronGear Resistance Bands Set,IronGear,Sports & Outdoors,392.04,0,2.0,Experience the ultimate performance with the Eco-Friendly IronGear Resistance Bands Set. Designed for modern users seeking quality in sports & outdoors.,https://images.unsplash.com/photo-1514990302189?auto=format&fit=crop&w=600&q=80
60,BE-SCE-8135,Minimalist ScentOasis Organic Argan Hair Oil,ScentOasis,Beauty,113.91,79,4.4,Experience the ultimate performance with the Minimalist ScentOasis Organic Argan Hair Oil. Designed for modern users seeking quality in beauty.,https://images.unsplash.com/photo-1576964171798?auto=format&fit=crop&w=600&q=80
61,BE-VEL-5397,Compact VelvetSkin Organic Argan Hair Oil,VelvetSkin,Beauty,200.15,32,3.9,Experience the ultimate performance with the Compact VelvetSkin Organic Argan Hair Oil. Designed for modern users seeking quality in beauty.,https://images.unsplash.com/photo-1532000950925?auto=format&fit=crop&w=600&q=80
62,BE-COL-6511,Ultra-Light ColorPop Exfoliating Body Scrub,ColorPop,Beauty,26.92,56,4.2,Experience the ultimate performance with the Ultra-Light ColorPop Exfoliating Body Scrub. Designed for modern users seeking quality in beauty.,https://images.unsplash.com/photo-1544059288123?auto=format&fit=crop&w=600&q=80
63,HO-ECO-1166,Pro-Series EcoLiving Memory Foam Pillow,EcoLiving,Home & Kitchen,314.8,2,4.6,Experience the ultimate performance with the Pro-Series EcoLiving Memory Foam Pillow. Designed for modern users seeking quality in home & kitchen.,https://images.unsplash.com/photo-1575112869912?auto=format&fit=crop&w=600&q=80
64,CL-LUX-1282,Classic LuxeSilk Organic Cotton T-Shirt,LuxeSilk,Clothing,64.89,72,4.0,Experience the ultimate performance with the Classic LuxeSilk Organic Cotton T-Shirt. Designed for modern users seeking quality in clothing.,https://images.unsplash.com/photo-1549742402490?auto=format&fit=crop&w=600&q=80
65,BE-COL-7971,Sleek ColorPop Exfoliating Body Scrub,ColorPop,Beauty,598.0,100,4.6,Experience the ultimate performance with the Sleek ColorPop Exfoliating Body Scrub. Designed for modern users seeking quality in beauty.,https://images.unsplash.com/photo-1539818282850?auto=format&fit=crop&w=600&q=80
66,HO-NES-6169,Ergonomic NestComfort Stainless Steel Kettle,NestComfort,Home & Kitchen,80.53,57,3.8,Experience the ultimate performance with the Ergonomic NestComfort Stainless Steel Kettle. Designed for modern users seeking quality in home & kitchen.,https://images.unsplash.com/photo-1567596792264?auto=format&fit=crop&w=600&q=80
67,HO-ECO-5636,Compact EcoLiving Ceramic Coffee Mug,EcoLiving,Home & Kitchen,588.49,85,3.8,Experience the ultimate performance with the Compact EcoLiving Ceramic Coffee Mug. Designed for modern users seeking quality in home & kitchen.,https://images.unsplash.com/photo-1539425401235?auto=format&fit=crop&w=600&q=80
68,EL-AUR-1745,Durable Aura Smart Watch,Aura,Electronics,584.82,42,4.5,Experience the ultimate performance with the Durable Aura Smart Watch. Designed for modern users seeking quality in electronics.,https://images.unsplash.com/photo-1567657727202?auto=format&fit=crop&w=600&q=80
69,EL-TEC-8690,Durable TechCorp Mechanical Keyboard,TechCorp,Electronics,292.43,23,3.9,Experience the ultimate performance with the Durable TechCorp Mechanical Keyboard. Designed for modern users seeking quality in electronics.,https://images.unsplash.com/photo-1568125581388?auto=format&fit=crop&w=600&q=80
70,EL-TEC-2213,Classic TechCorp 4K Monitor,TechCorp,Electronics,350.43,48,3.7,Experience the ultimate performance with the Classic TechCorp 4K Monitor. Designed for modern users seeking quality in electronics.,https://images.unsplash.com/photo-1509894898206?auto=format&fit=crop&w=600&q=80
71,CL-THR-4697,Ultra-Light ThreadCo Athletic Running Shorts,ThreadCo,Clothing,467.65,123,3.9,Experience the ultimate performance with the Ultra-Light ThreadCo Athletic Running Shorts. Designed for modern users seeking quality in clothing.,https://images.unsplash.com/photo-1540496515783?auto=format&fit=crop&w=600&q=80
72,SP-WIL-2625,Compact WildCore Insulated Water Bottle,WildCore,Sports & Outdoors,569.07,64,3.9,Experience the ultimate performance with the Compact WildCore Insulated Water Bottle. Designed for modern users seeking quality in sports & outdoors.,https://images.unsplash.com/photo-1521823534004?auto=format&fit=crop&w=600&q=80
73,CL-VOG-3564,Eco-Friendly Vogue Athletic Running Shorts,Vogue,Clothing,11.57,130,3.9,Experience the ultimate performance with the Eco-Friendly Vogue Athletic Running Shorts. Designed for modern users seeking quality in clothing.,https://images.unsplash.com/photo-1539648888517?auto=format&fit=crop&w=600&q=80
74,HO-CLE-5334,Ergonomic CleanSweep Stainless Steel Kettle,CleanSweep,Home & Kitchen,474.81,60,4.1,Experience the ultimate performance with the Ergonomic CleanSweep Stainless Steel Kettle. Designed for modern users seeking quality in home & kitchen.,https://images.unsplash.com/photo-1532403648693?auto=format&fit=crop&w=600&q=80
75,CL-URB-1977,Eco-Friendly UrbanFit Slim-Fit Chino Pants,UrbanFit,Clothing,107.88,83,4.2,Experience the ultimate performance with the Eco-Friendly UrbanFit Slim-Fit Chino Pants. Designed for modern users seeking quality in clothing.,https://images.unsplash.com/photo-1596502322947?auto=format&fit=crop&w=600&q=80
76,HO-CLE-9847,Pro-Series CleanSweep Memory Foam Pillow,CleanSweep,Home & Kitchen,301.33,1,4.8,Experience the ultimate performance with the Pro-Series CleanSweep Memory Foam Pillow. Designed for modern users seeking quality in home & kitchen.,https://images.unsplash.com/photo-1546104472157?auto=format&fit=crop&w=600&q=80
77,SP-HYD-4750,Eco-Friendly HydroFit Insulated Water Bottle,HydroFit,Sports & Outdoors,577.52,15,5.0,Experience the ultimate performance with the Eco-Friendly HydroFit Insulated Water Bottle. Designed for modern users seeking quality in sports & outdoors.,https://images.unsplash.com/photo-1578466952366?auto=format&fit=crop&w=600&q=80
78,EL-GAD-8245,Pro-Series GadgetCo 4K Monitor,GadgetCo,Electronics,550.47,5,4.2,Experience the ultimate performance with the Pro-Series GadgetCo 4K Monitor. Designed for modern users seeking quality in electronics.,https://images.unsplash.com/photo-1567921664860?auto=format&fit=crop&w=600&q=80
79,EL-QUA-6460,Ultra-Light Quantum Bluetooth Speaker,Quantum,Electronics,199.41,2,4.0,Experience the ultimate performance with the Ultra-Light Quantum Bluetooth Speaker. Designed for modern users seeking quality in electronics.,https://images.unsplash.com/photo-1567403815179?auto=format&fit=crop&w=600&q=80
80,HO-CLE-8451,Premium CleanSweep Ceramic Coffee Mug,CleanSweep,Home & Kitchen,61.95,39,5.0,Experience the ultimate performance with the Premium CleanSweep Ceramic Coffee Mug. Designed for modern users seeking quality in home & kitchen.,https://images.unsplash.com/photo-1504243939720?auto=format&fit=crop&w=600&q=80
81,SP-IRO-4073,Premium IronGear Waterproof Camping Tent,IronGear,Sports & Outdoors,315.87,137,4.4,Experience the ultimate performance with the Premium IronGear Waterproof Camping Tent. Designed for modern users seeking quality in sports & outdoors.,https://images.unsplash.com/photo-1507559101808?auto=format&fit=crop&w=600&q=80
82,CL-URB-5719,Minimalist UrbanFit Athletic Running Shorts,UrbanFit,Clothing,268.48,41,3.5,Experience the ultimate performance with the Minimalist UrbanFit Athletic Running Shorts. Designed for modern users seeking quality in clothing.,https://images.unsplash.com/photo-1584310303682?auto=format&fit=crop&w=600&q=80
83,CL-VOG-1224,Pro-Series Vogue Water-Resistant Windbreaker,Vogue,Clothing,335.82,1,4.2,Experience the ultimate performance with the Pro-Series Vogue Water-Resistant Windbreaker. Designed for modern users seeking quality in clothing.,https://images.unsplash.com/photo-1586403859171?auto=format&fit=crop&w=600&q=80
84,CL-LUX-5479,Pro-Series LuxeSilk Water-Resistant Windbreaker,LuxeSilk,Clothing,255.13,130,3.9,Experience the ultimate performance with the Pro-Series LuxeSilk Water-Resistant Windbreaker. Designed for modern users seeking quality in clothing.,https://images.unsplash.com/photo-1519547534656?auto=format&fit=crop&w=600&q=80
85,BE-PUR-3236,Pro-Series PureRadiance Exfoliating Body Scrub,PureRadiance,Beauty,519.77,116,4.0,Experience the ultimate performance with the Pro-Series PureRadiance Exfoliating Body Scrub. Designed for modern users seeking quality in beauty.,https://images.unsplash.com/photo-1572102697247?auto=format&fit=crop&w=600&q=80
86,HO-COO-9022,Durable CookSmart Memory Foam Pillow,CookSmart,Home & Kitchen,520.49,133,4.0,Experience the ultimate performance with the Durable CookSmart Memory Foam Pillow. Designed for modern users seeking quality in home & kitchen.,https://images.unsplash.com/photo-1553873621917?auto=format&fit=crop&w=600&q=80
87,BE-SCE-7274,Ergonomic ScentOasis Matte Liquid Lipstick,ScentOasis,Beauty,147.79,21,4.0,Experience the ultimate performance with the Ergonomic ScentOasis Matte Liquid Lipstick. Designed for modern users seeking quality in beauty.,https://images.unsplash.com/photo-1596520698024?auto=format&fit=crop&w=600&q=80
88,BE-VEL-1606,Classic VelvetSkin Matte Liquid Lipstick,VelvetSkin,Beauty,84.48,94,4.8,Experience the ultimate performance with the Classic VelvetSkin Matte Liquid Lipstick. Designed for modern users seeking quality in beauty.,https://images.unsplash.com/photo-1514776002664?auto=format&fit=crop&w=600&q=80
89,SP-IRO-7717,Minimalist IronGear Insulated Water Bottle,IronGear,Sports & Outdoors,523.84,29,4.2,Experience the ultimate performance with the Minimalist IronGear Insulated Water Bottle. Designed for modern users seeking quality in sports & outdoors.,https://images.unsplash.com/photo-1538522436257?auto=format&fit=crop&w=600&q=80
90,HO-ECO-6383,Eco-Friendly EcoLiving Digital Food Scale,EcoLiving,Home & Kitchen,512.87,107,4.9,Experience the ultimate performance with the Eco-Friendly EcoLiving Digital Food Scale. Designed for modern users seeking quality in home & kitchen.,https://images.unsplash.com/photo-1597181362471?auto=format&fit=crop&w=600&q=80
91,BE-COL-2121,Compact ColorPop Hydrating Face Serum,ColorPop,Beauty,148.5,83,5.0,Experience the ultimate performance with the Compact ColorPop Hydrating Face Serum. Designed for modern users seeking quality in beauty.,https://images.unsplash.com/photo-1511797271712?auto=format&fit=crop&w=600&q=80
92,BE-GLO-3725,Classic GlowBio Hydrating Face Serum,GlowBio,Beauty,419.45,21,4.0,Experience the ultimate performance with the Classic GlowBio Hydrating Face Serum. Designed for modern users seeking quality in beauty.,https://images.unsplash.com/photo-1538895735906?auto=format&fit=crop&w=600&q=80
93,HO-BRE-5000,Minimalist BrewMaster Digital Food Scale,BrewMaster,Home & Kitchen,323.38,56,3.8,Experience the ultimate performance with the Minimalist BrewMaster Digital Food Scale. Designed for modern users seeking quality in home & kitchen.,https://images.unsplash.com/photo-1581943545097?auto=format&fit=crop&w=600&q=80
94,BE-COL-3344,Classic ColorPop Matte Liquid Lipstick,ColorPop,Beauty,146.98,127,3.9,Experience the ultimate performance with the Classic ColorPop Matte Liquid Lipstick. Designed for modern users seeking quality in beauty.,https://images.unsplash.com/photo-1563585414880?auto=format&fit=crop&w=600&q=80
95,HO-ECO-8237,Eco-Friendly EcoLiving Non-Stick Frying Pan,EcoLiving,Home & Kitchen,567.68,86,4.5,Experience the ultimate performance with the Eco-Friendly EcoLiving Non-Stick Frying Pan. Designed for modern users seeking quality in home & kitchen.,https://images.unsplash.com/photo-1596311673529?auto=format&fit=crop&w=600&q=80
96,HO-CLE-7302,Ergonomic CleanSweep Memory Foam Pillow,CleanSweep,Home & Kitchen,513.46,4,4.4,Experience the ultimate performance with the Ergonomic CleanSweep Memory Foam Pillow. Designed for modern users seeking quality in home & kitchen.,https://images.unsplash.com/photo-1541123504125?auto=format&fit=crop&w=600&q=80
97,HO-COO-1132,Durable CookSmart Digital Food Scale,CookSmart,Home & Kitchen,343.89,22,4.9,Experience the ultimate performance with the Durable CookSmart Digital Food Scale. Designed for modern users seeking quality in home & kitchen.,https://images.unsplash.com/photo-1567624999479?auto=format&fit=crop&w=600&q=80
98,HO-NES-4588,Sleek NestComfort Ceramic Coffee Mug,NestComfort,Home & Kitchen,385.59,45,4.4,Experience the ultimate performance with the Sleek NestComfort Ceramic Coffee Mug. Designed for modern users seeking quality in home & kitchen.,https://images.unsplash.com/photo-1589779435268?auto=format&fit=crop&w=600&q=80
99,EL-VOL-1546,Classic Volt USB-C Hub,Volt,Electronics,351.94,33,4.9,Experience the ultimate performance with the Classic Volt USB-C Hub. Designed for modern users seeking quality in electronics.,https://images.unsplash.com/photo-1523259408672?auto=format&fit=crop&w=600&q=80
100,CL-VOG-9697,Sleek Vogue Athletic Running Shorts,Vogue,Clothing,306.05,52,3.9,Experience the ultimate performance with the Sleek Vogue Athletic Running Shorts. Designed for modern users seeking quality in clothing.,https://images.unsplash.com/photo-1542118547373?auto=format&fit=crop&w=600&q=80
101,HO-COO-3306,Eco-Friendly CookSmart Digital Food Scale,CookSmart,Home & Kitchen,454.94,111,5.0,Experience the ultimate performance with the Eco-Friendly CookSmart Digital Food Scale. Designed for modern users seeking quality in home & kitchen.,https://images.unsplash.com/photo-1576470121639?auto=format&fit=crop&w=600&q=80
102,HO-COO-5332,Premium CookSmart Digital Food Scale,CookSmart,Home & Kitchen,326.57,77,4.4,Experience the ultimate performance with the Premium CookSmart Digital Food Scale. Designed for modern users seeking quality in home & kitchen.,https://images.unsplash.com/photo-1589431601323?auto=format&fit=crop&w=600&q=80
103,HO-COO-1410,Classic CookSmart Non-Stick Frying Pan,CookSmart,Home & Kitchen,375.52,93,4.9,Experience the ultimate performance with the Classic CookSmart Non-Stick Frying Pan. Designed for modern users seeking quality in home & kitchen.,https://images.unsplash.com/photo-1586850110796?auto=format&fit=crop&w=600&q=80
104,EL-QUA-7689,Durable Quantum Charging Pad,Quantum,Electronics,78.83,0,1.1,Experience the ultimate performance with the Durable Quantum Charging Pad. Designed for modern users seeking quality in electronics.,https://images.unsplash.com/photo-1568701984934?auto=format&fit=crop&w=600&q=80
105,EL-TEC-3222,Pro-Series TechCorp Smart Watch,TechCorp,Electronics,239.29,148,4.1,Experience the ultimate performance with the Pro-Series TechCorp Smart Watch. Designed for modern users seeking quality in electronics.,https://images.unsplash.com/photo-1587681261401?auto=format&fit=crop&w=600&q=80
106,EL-QUA-5583,Ultra-Light Quantum Mechanical Keyboard,Quantum,Electronics,29.29,123,4.2,Experience the ultimate performance with the Ultra-Light Quantum Mechanical Keyboard. Designed for modern users seeking quality in electronics.,https://images.unsplash.com/photo-1514442626586?auto=format&fit=crop&w=600&q=80
107,HO-ECO-7523,Premium EcoLiving Memory Foam Pillow,EcoLiving,Home & Kitchen,172.76,126,3.6,Experience the ultimate performance with the Premium EcoLiving Memory Foam Pillow. Designed for modern users seeking quality in home & kitchen.,https://images.unsplash.com/photo-1586810333466?auto=format&fit=crop&w=600&q=80
108,SP-PEA-4990,Sleek PeakPulse Insulated Water Bottle,PeakPulse,Sports & Outdoors,593.39,62,3.6,Experience the ultimate performance with the Sleek PeakPulse Insulated Water Bottle. Designed for modern users seeking quality in sports & outdoors.,https://images.unsplash.com/photo-1576300769925?auto=format&fit=crop&w=600&q=80
109,CL-DEN-6383,Ergonomic DenimLab Slim-Fit Chino Pants,DenimLab,Clothing,466.87,10,3.9,Experience the ultimate performance with the Ergonomic DenimLab Slim-Fit Chino Pants. Designed for modern users seeking quality in clothing.,https://images.unsplash.com/photo-1521406237849?auto=format&fit=crop&w=600&q=80
110,CL-DEN-2801,Minimalist DenimLab Water-Resistant Windbreaker,DenimLab,Clothing,400.01,0,1.0,Experience the ultimate performance with the Minimalist DenimLab Water-Resistant Windbreaker. Designed for modern users seeking quality in clothing.,https://images.unsplash.com/photo-1578331319783?auto=format&fit=crop&w=600&q=80
111,HO-COO-1858,Durable CookSmart Non-Stick Frying Pan,CookSmart,Home & Kitchen,84.78,39,4.6,Experience the ultimate performance with the Durable CookSmart Non-Stick Frying Pan. Designed for modern users seeking quality in home & kitchen.,https://images.unsplash.com/photo-1562175002984?auto=format&fit=crop&w=600&q=80
112,HO-ECO-8405,Eco-Friendly EcoLiving Ceramic Coffee Mug,EcoLiving,Home & Kitchen,307.25,21,4.6,Experience the ultimate performance with the Eco-Friendly EcoLiving Ceramic Coffee Mug. Designed for modern users seeking quality in home & kitchen.,https://images.unsplash.com/photo-1571549443894?auto=format&fit=crop&w=600&q=80
113,HO-CLE-8847,Premium CleanSweep Stainless Steel Kettle,CleanSweep,Home & Kitchen,509.9,37,4.2,Experience the ultimate performance with the Premium CleanSweep Stainless Steel Kettle. Designed for modern users seeking quality in home & kitchen.,https://images.unsplash.com/photo-1564036677443?auto=format&fit=crop&w=600&q=80
114,EL-TEC-3430,Compact TechCorp Bluetooth Speaker,TechCorp,Electronics,48.74,150,4.6,Experience the ultimate performance with the Compact TechCorp Bluetooth Speaker. Designed for modern users seeking quality in electronics.,https://images.unsplash.com/photo-1571285255211?auto=format&fit=crop&w=600&q=80
115,HO-CLE-8048,Compact CleanSweep Ceramic Coffee Mug,CleanSweep,Home & Kitchen,68.51,65,4.1,Experience the ultimate performance with the Compact CleanSweep Ceramic Coffee Mug. Designed for modern users seeking quality in home & kitchen.,https://images.unsplash.com/photo-1533879092961?auto=format&fit=crop&w=600&q=80
116,BE-SCE-7815,Ultra-Light ScentOasis Organic Argan Hair Oil,ScentOasis,Beauty,440.46,90,4.5,Experience the ultimate performance with the Ultra-Light ScentOasis Organic Argan Hair Oil. Designed for modern users seeking quality in beauty.,https://images.unsplash.com/photo-1590849892396?auto=format&fit=crop&w=600&q=80
117,BE-GLO-2527,Eco-Friendly GlowBio Hydrating Face Serum,GlowBio,Beauty,264.8,105,4.7,Experience the ultimate performance with the Eco-Friendly GlowBio Hydrating Face Serum. Designed for modern users seeking quality in beauty.,https://images.unsplash.com/photo-1506684561411?auto=format&fit=crop&w=600&q=80
118,SP-WIL-3002,Sleek WildCore Lightweight Backpack,WildCore,Sports & Outdoors,252.37,118,4.8,Experience the ultimate performance with the Sleek WildCore Lightweight Backpack. Designed for modern users seeking quality in sports & outdoors.,https://images.unsplash.com/photo-1507391899333?auto=format&fit=crop&w=600&q=80
119,HO-ECO-2697,Sleek EcoLiving Memory Foam Pillow,EcoLiving,Home & Kitchen,350.96,133,3.8,Experience the ultimate performance with the Sleek EcoLiving Memory Foam Pillow. Designed for modern users seeking quality in home & kitchen.,https://images.unsplash.com/photo-1547709434674?auto=format&fit=crop&w=600&q=80
120,SP-HYD-4705,Durable HydroFit Insulated Water Bottle,HydroFit,Sports & Outdoors,486.25,16,4.4,Experience the ultimate performance with the Durable HydroFit Insulated Water Bottle. Designed for modern users seeking quality in sports & outdoors.,https://images.unsplash.com/photo-1537338174438?auto=format&fit=crop&w=600&q=80
121,EL-GAD-6567,Durable GadgetCo Bluetooth Speaker,GadgetCo,Electronics,217.09,2,4.3,Experience the ultimate performance with the Durable GadgetCo Bluetooth Speaker. Designed for modern users seeking quality in electronics.,https://images.unsplash.com/photo-1510311290265?auto=format&fit=crop&w=600&q=80
122,CL-THR-4524,Pro-Series ThreadCo Classic Crewneck Sweater,ThreadCo,Clothing,231.94,50,4.1,Experience the ultimate performance with the Pro-Series ThreadCo Classic Crewneck Sweater. Designed for modern users seeking quality in clothing.,https://images.unsplash.com/photo-1546048904040?auto=format&fit=crop&w=600&q=80
123,SP-WIL-3549,Premium WildCore Insulated Water Bottle,WildCore,Sports & Outdoors,102.86,30,3.9,Experience the ultimate performance with the Premium WildCore Insulated Water Bottle. Designed for modern users seeking quality in sports & outdoors.,https://images.unsplash.com/photo-1558677579897?auto=format&fit=crop&w=600&q=80
124,BE-COL-5475,Ultra-Light ColorPop Organic Argan Hair Oil,ColorPop,Beauty,137.18,98,4.1,Experience the ultimate performance with the Ultra-Light ColorPop Organic Argan Hair Oil. Designed for modern users seeking quality in beauty.,https://images.unsplash.com/photo-1591410847548?auto=format&fit=crop&w=600&q=80
125,SP-IRO-1744,Durable IronGear Lightweight Backpack,IronGear,Sports & Outdoors,140.1,24,3.5,Experience the ultimate performance with the Durable IronGear Lightweight Backpack. Designed for modern users seeking quality in sports & outdoors.,https://images.unsplash.com/photo-1539752153596?auto=format&fit=crop&w=600&q=80
126,HO-COO-8055,Classic CookSmart Stainless Steel Kettle,CookSmart,Home & Kitchen,113.65,68,4.3,Experience the ultimate performance with the Classic CookSmart Stainless Steel Kettle. Designed for modern users seeking quality in home & kitchen.,https://images.unsplash.com/photo-1593773542269?auto=format&fit=crop&w=600&q=80
127,HO-COO-8147,Premium CookSmart Digital Food Scale,CookSmart,Home & Kitchen,21.05,90,4.4,Experience the ultimate performance with the Premium CookSmart Digital Food Scale. Designed for modern users seeking quality in home & kitchen.,https://images.unsplash.com/photo-1554002340442?auto=format&fit=crop&w=600&q=80
128,BE-SCE-1341,Ultra-Light ScentOasis Hydrating Face Serum,ScentOasis,Beauty,580.05,5,4.2,Experience the ultimate performance with the Ultra-Light ScentOasis Hydrating Face Serum. Designed for modern users seeking quality in beauty.,https://images.unsplash.com/photo-1510144080073?auto=format&fit=crop&w=600&q=80
129,BE-GLO-7560,Ultra-Light GlowBio Matte Liquid Lipstick,GlowBio,Beauty,319.13,89,4.6,Experience the ultimate performance with the Ultra-Light GlowBio Matte Liquid Lipstick. Designed for modern users seeking quality in beauty.,https://images.unsplash.com/photo-1543901317710?auto=format&fit=crop&w=600&q=80
130,CL-THR-9693,Eco-Friendly ThreadCo Athletic Running Shorts,ThreadCo,Clothing,310.86,99,4.0,Experience the ultimate performance with the Eco-Friendly ThreadCo Athletic Running Shorts. Designed for modern users seeking quality in clothing.,https://images.unsplash.com/photo-1530699094081?auto=format&fit=crop&w=600&q=80
131,EL-GAD-3842,Ergonomic GadgetCo Bluetooth Speaker,GadgetCo,Electronics,365.41,29,3.8,Experience the ultimate performance with the Ergonomic GadgetCo Bluetooth Speaker. Designed for modern users seeking quality in electronics.,https://images.unsplash.com/photo-1589218703185?auto=format&fit=crop&w=600&q=80
132,BE-VEL-8354,Compact VelvetSkin Exfoliating Body Scrub,VelvetSkin,Beauty,411.86,92,4.8,Experience the ultimate performance with the Compact VelvetSkin Exfoliating Body Scrub. Designed for modern users seeking quality in beauty.,https://images.unsplash.com/photo-1545643551200?auto=format&fit=crop&w=600&q=80
133,CL-LUX-8245,Classic LuxeSilk Classic Crewneck Sweater,LuxeSilk,Clothing,382.51,24,4.0,Experience the ultimate performance with the Classic LuxeSilk Classic Crewneck Sweater. Designed for modern users seeking quality in clothing.,https://images.unsplash.com/photo-1538973352127?auto=format&fit=crop&w=600&q=80
134,BE-VEL-7041,Premium VelvetSkin Hydrating Face Serum,VelvetSkin,Beauty,500.69,0,4.8,Experience the ultimate performance with the Premium VelvetSkin Hydrating Face Serum. Designed for modern users seeking quality in beauty.,https://images.unsplash.com/photo-1512263391655?auto=format&fit=crop&w=600&q=80
135,SP-WIL-8581,Ultra-Light WildCore Lightweight Backpack,WildCore,Sports & Outdoors,352.38,20,4.2,Experience the ultimate performance with the Ultra-Light WildCore Lightweight Backpack. Designed for modern users seeking quality in sports & outdoors.,https://images.unsplash.com/photo-1580787544201?auto=format&fit=crop&w=600&q=80
136,CL-URB-9214,Classic UrbanFit Athletic Running Shorts,UrbanFit,Clothing,99.0,0,3.7,Experience the ultimate performance with the Classic UrbanFit Athletic Running Shorts. Designed for modern users seeking quality in clothing.,https://images.unsplash.com/photo-1511657896535?auto=format&fit=crop&w=600&q=80
137,SP-TRA-8172,Ergonomic TrailBlazer Insulated Water Bottle,TrailBlazer,Sports & Outdoors,594.67,50,4.0,Experience the ultimate performance with the Ergonomic TrailBlazer Insulated Water Bottle. Designed for modern users seeking quality in sports & outdoors.,https://images.unsplash.com/photo-1542597214169?auto=format&fit=crop&w=600&q=80
138,BE-VEL-1857,Compact VelvetSkin Mineral Sunscreen SPF 50,VelvetSkin,Beauty,475.63,26,4.0,Experience the ultimate performance with the Compact VelvetSkin Mineral Sunscreen SPF 50. Designed for modern users seeking quality in beauty.,https://images.unsplash.com/photo-1592590746974?auto=format&fit=crop&w=600&q=80
139,BE-SCE-3463,Compact ScentOasis Mineral Sunscreen SPF 50,ScentOasis,Beauty,206.67,46,4.9,Experience the ultimate performance with the Compact ScentOasis Mineral Sunscreen SPF 50. Designed for modern users seeking quality in beauty.,https://images.unsplash.com/photo-1597307014067?auto=format&fit=crop&w=600&q=80
140,BE-PUR-6072,Eco-Friendly PureRadiance Exfoliating Body Scrub,PureRadiance,Beauty,339.75,94,4.7,Experience the ultimate performance with the Eco-Friendly PureRadiance Exfoliating Body Scrub. Designed for modern users seeking quality in beauty.,https://images.unsplash.com/photo-1597367408535?auto=format&fit=crop&w=600&q=80
141,SP-PEA-6928,Pro-Series PeakPulse Waterproof Camping Tent,PeakPulse,Sports & Outdoors,20.75,64,4.0,Experience the ultimate performance with the Pro-Series PeakPulse Waterproof Camping Tent. Designed for modern users seeking quality in sports & outdoors.,https://images.unsplash.com/photo-1567715125310?auto=format&fit=crop&w=600&q=80
142,CL-VOG-2264,Minimalist Vogue Slim-Fit Chino Pants,Vogue,Clothing,184.51,139,4.7,Experience the ultimate performance with the Minimalist Vogue Slim-Fit Chino Pants. Designed for modern users seeking quality in clothing.,https://images.unsplash.com/photo-1572514862739?auto=format&fit=crop&w=600&q=80
143,EL-VOL-3147,Compact Volt USB-C Hub,Volt,Electronics,362.37,2,4.7,Experience the ultimate performance with the Compact Volt USB-C Hub. Designed for modern users seeking quality in electronics.,https://images.unsplash.com/photo-1584916218497?auto=format&fit=crop&w=600&q=80
144,CL-LUX-6968,Ultra-Light LuxeSilk Classic Crewneck Sweater,LuxeSilk,Clothing,409.04,123,4.4,Experience the ultimate performance with the Ultra-Light LuxeSilk Classic Crewneck Sweater. Designed for modern users seeking quality in clothing.,https://images.unsplash.com/photo-1563495939049?auto=format&fit=crop&w=600&q=80
145,CL-DEN-8684,Durable DenimLab Slim-Fit Chino Pants,DenimLab,Clothing,543.33,5,5.0,Experience the ultimate performance with the Durable DenimLab Slim-Fit Chino Pants. Designed for modern users seeking quality in clothing.,https://images.unsplash.com/photo-1570359606362?auto=format&fit=crop&w=600&q=80
146,SP-IRO-3267,Ergonomic IronGear Ergonomic Yoga Mat,IronGear,Sports & Outdoors,525.06,0,4.2,Experience the ultimate performance with the Ergonomic IronGear Ergonomic Yoga Mat. Designed for modern users seeking quality in sports & outdoors.,https://images.unsplash.com/photo-1574608787877?auto=format&fit=crop&w=600&q=80
147,EL-AUR-5670,Eco-Friendly Aura USB-C Hub,Aura,Electronics,59.48,4,4.9,Experience the ultimate performance with the Eco-Friendly Aura USB-C Hub. Designed for modern users seeking quality in electronics.,https://images.unsplash.com/photo-1510468864947?auto=format&fit=crop&w=600&q=80
148,CL-LUX-7797,Premium LuxeSilk Water-Resistant Windbreaker,LuxeSilk,Clothing,41.41,70,4.1,Experience the ultimate performance with the Premium LuxeSilk Water-Resistant Windbreaker. Designed for modern users seeking quality in clothing.,https://images.unsplash.com/photo-1547595132940?auto=format&fit=crop&w=600&q=80
149,CL-THR-6493,Eco-Friendly ThreadCo Water-Resistant Windbreaker,ThreadCo,Clothing,476.9,3,4.9,Experience the ultimate performance with the Eco-Friendly ThreadCo Water-Resistant Windbreaker. Designed for modern users seeking quality in clothing.,https://images.unsplash.com/photo-1596518458987?auto=format&fit=crop&w=600&q=80
150,CL-LUX-1086,Compact LuxeSilk Organic Cotton T-Shirt,LuxeSilk,Clothing,544.45,0,1.5,Experience the ultimate performance with the Compact LuxeSilk Organic Cotton T-Shirt. Designed for modern users seeking quality in clothing.,https://images.unsplash.com/photo-1573656625913?auto=format&fit=crop&w=600&q=80
151,SP-WIL-5720,Eco-Friendly WildCore Waterproof Camping Tent,WildCore,Sports & Outdoors,150.2,2,4.1,Experience the ultimate performance with the Eco-Friendly WildCore Waterproof Camping Tent. Designed for modern users seeking quality in sports & outdoors.,https://images.unsplash.com/photo-1585014149322?auto=format&fit=crop&w=600&q=80
152,BE-GLO-9782,Classic GlowBio Hydrating Face Serum,GlowBio,Beauty,19.69,71,4.6,Experience the ultimate performance with the Classic GlowBio Hydrating Face Serum. Designed for modern users seeking quality in beauty.,https://images.unsplash.com/photo-1557085578508?auto=format&fit=crop&w=600&q=80
153,EL-AUR-7825,Ergonomic Aura Bluetooth Speaker,Aura,Electronics,120.51,144,5.0,Experience the ultimate performance with the Ergonomic Aura Bluetooth Speaker. Designed for modern users seeking quality in electronics.,https://images.unsplash.com/photo-1575273852135?auto=format&fit=crop&w=600&q=80
154,SP-WIL-7397,Premium WildCore Lightweight Backpack,WildCore,Sports & Outdoors,525.26,0,1.9,Experience the ultimate performance with the Premium WildCore Lightweight Backpack. Designed for modern users seeking quality in sports & outdoors.,https://images.unsplash.com/photo-1535963059926?auto=format&fit=crop&w=600&q=80
155,EL-VOL-6649,Eco-Friendly Volt USB-C Hub,Volt,Electronics,152.25,36,4.7,Experience the ultimate performance with the Eco-Friendly Volt USB-C Hub. Designed for modern users seeking quality in electronics.,https://images.unsplash.com/photo-1518608025734?auto=format&fit=crop&w=600&q=80
156,EL-VOL-3868,Sleek Volt Mechanical Keyboard,Volt,Electronics,499.92,132,4.4,Experience the ultimate performance with the Sleek Volt Mechanical Keyboard. Designed for modern users seeking quality in electronics.,https://images.unsplash.com/photo-1520665225193?auto=format&fit=crop&w=600&q=80
157,EL-QUA-4302,Durable Quantum Wireless Earbuds,Quantum,Electronics,35.84,1,4.0,Experience the ultimate performance with the Durable Quantum Wireless Earbuds. Designed for modern users seeking quality in electronics.,https://images.unsplash.com/photo-1570051242519?auto=format&fit=crop&w=600&q=80
158,BE-COL-1599,Durable ColorPop Organic Argan Hair Oil,ColorPop,Beauty,454.43,3,4.8,Experience the ultimate performance with the Durable ColorPop Organic Argan Hair Oil. Designed for modern users seeking quality in beauty.,https://images.unsplash.com/photo-1545766017740?auto=format&fit=crop&w=600&q=80
159,HO-COO-7553,Ultra-Light CookSmart Memory Foam Pillow,CookSmart,Home & Kitchen,448.54,108,4.0,Experience the ultimate performance with the Ultra-Light CookSmart Memory Foam Pillow. Designed for modern users seeking quality in home & kitchen.,https://images.unsplash.com/photo-1565226883264?auto=format&fit=crop&w=600&q=80
160,BE-SCE-2353,Durable ScentOasis Exfoliating Body Scrub,ScentOasis,Beauty,438.97,0,4.4,Experience the ultimate performance with the Durable ScentOasis Exfoliating Body Scrub. Designed for modern users seeking quality in beauty.,https://images.unsplash.com/photo-1525006765390?auto=format&fit=crop&w=600&q=80
161,SP-HYD-2311,Eco-Friendly HydroFit Resistance Bands Set,HydroFit,Sports & Outdoors,203.46,124,4.4,Experience the ultimate performance with the Eco-Friendly HydroFit Resistance Bands Set. Designed for modern users seeking quality in sports & outdoors.,https://images.unsplash.com/photo-1523304991087?auto=format&fit=crop&w=600&q=80
162,BE-SCE-6776,Premium ScentOasis Organic Argan Hair Oil,ScentOasis,Beauty,372.75,24,3.6,Experience the ultimate performance with the Premium ScentOasis Organic Argan Hair Oil. Designed for modern users seeking quality in beauty.,https://images.unsplash.com/photo-1554277703050?auto=format&fit=crop&w=600&q=80
163,HO-ECO-3339,Premium EcoLiving Non-Stick Frying Pan,EcoLiving,Home & Kitchen,510.7,122,3.6,Experience the ultimate performance with the Premium EcoLiving Non-Stick Frying Pan. Designed for modern users seeking quality in home & kitchen.,https://images.unsplash.com/photo-1530353536165?auto=format&fit=crop&w=600&q=80
164,HO-BRE-1530,Compact BrewMaster Digital Food Scale,BrewMaster,Home & Kitchen,367.0,104,4.1,Experience the ultimate performance with the Compact BrewMaster Digital Food Scale. Designed for modern users seeking quality in home & kitchen.,https://images.unsplash.com/photo-1511867357450?auto=format&fit=crop&w=600&q=80
165,SP-TRA-7521,Sleek TrailBlazer Lightweight Backpack,TrailBlazer,Sports & Outdoors,195.48,39,3.5,Experience the ultimate performance with the Sleek TrailBlazer Lightweight Backpack. Designed for modern users seeking quality in sports & outdoors.,https://images.unsplash.com/photo-1565223579714?auto=format&fit=crop&w=600&q=80
166,SP-IRO-5288,Eco-Friendly IronGear Lightweight Backpack,IronGear,Sports & Outdoors,467.22,64,5.0,Experience the ultimate performance with the Eco-Friendly IronGear Lightweight Backpack. Designed for modern users seeking quality in sports & outdoors.,https://images.unsplash.com/photo-1595715823849?auto=format&fit=crop&w=600&q=80
167,BE-PUR-2213,Minimalist PureRadiance Hydrating Face Serum,PureRadiance,Beauty,276.7,123,5.0,Experience the ultimate performance with the Minimalist PureRadiance Hydrating Face Serum. Designed for modern users seeking quality in beauty.,https://images.unsplash.com/photo-1593675440963?auto=format&fit=crop&w=600&q=80
168,HO-BRE-9882,Pro-Series BrewMaster Stainless Steel Kettle,BrewMaster,Home & Kitchen,181.3,50,4.6,Experience the ultimate performance with the Pro-Series BrewMaster Stainless Steel Kettle. Designed for modern users seeking quality in home & kitchen.,https://images.unsplash.com/photo-1598472108724?auto=format&fit=crop&w=600&q=80
169,CL-URB-2988,Ergonomic UrbanFit Athletic Running Shorts,UrbanFit,Clothing,591.22,70,4.7,Experience the ultimate performance with the Ergonomic UrbanFit Athletic Running Shorts. Designed for modern users seeking quality in clothing.,https://images.unsplash.com/photo-1547357529299?auto=format&fit=crop&w=600&q=80
170,SP-WIL-3126,Classic WildCore Resistance Bands Set,WildCore,Sports & Outdoors,371.04,3,4.1,Experience the ultimate performance with the Classic WildCore Resistance Bands Set. Designed for modern users seeking quality in sports & outdoors.,https://images.unsplash.com/photo-1570775327723?auto=format&fit=crop&w=600&q=80
171,BE-VEL-3053,Eco-Friendly VelvetSkin Exfoliating Body Scrub,VelvetSkin,Beauty,583.69,125,4.2,Experience the ultimate performance with the Eco-Friendly VelvetSkin Exfoliating Body Scrub. Designed for modern users seeking quality in beauty.,https://images.unsplash.com/photo-1549466684592?auto=format&fit=crop&w=600&q=80
172,CL-DEN-3114,Minimalist DenimLab Athletic Running Shorts,DenimLab,Clothing,265.23,24,4.7,Experience the ultimate performance with the Minimalist DenimLab Athletic Running Shorts. Designed for modern users seeking quality in clothing.,https://images.unsplash.com/photo-1519405100908?auto=format&fit=crop&w=600&q=80
173,HO-NES-4694,Sleek NestComfort Non-Stick Frying Pan,NestComfort,Home & Kitchen,214.14,82,4.8,Experience the ultimate performance with the Sleek NestComfort Non-Stick Frying Pan. Designed for modern users seeking quality in home & kitchen.,https://images.unsplash.com/photo-1526846145405?auto=format&fit=crop&w=600&q=80
174,SP-HYD-9740,Durable HydroFit Ergonomic Yoga Mat,HydroFit,Sports & Outdoors,65.11,49,3.8,Experience the ultimate performance with the Durable HydroFit Ergonomic Yoga Mat. Designed for modern users seeking quality in sports & outdoors.,https://images.unsplash.com/photo-1585478442954?auto=format&fit=crop&w=600&q=80
175,HO-ECO-2330,Premium EcoLiving Stainless Steel Kettle,EcoLiving,Home & Kitchen,36.81,77,4.5,Experience the ultimate performance with the Premium EcoLiving Stainless Steel Kettle. Designed for modern users seeking quality in home & kitchen.,https://images.unsplash.com/photo-1580603475139?auto=format&fit=crop&w=600&q=80
176,BE-COL-9938,Classic ColorPop Hydrating Face Serum,ColorPop,Beauty,180.9,133,3.9,Experience the ultimate performance with the Classic ColorPop Hydrating Face Serum. Designed for modern users seeking quality in beauty.,https://images.unsplash.com/photo-1593661852111?auto=format&fit=crop&w=600&q=80
177,BE-SCE-1981,Eco-Friendly ScentOasis Organic Argan Hair Oil,ScentOasis,Beauty,103.26,128,3.8,Experience the ultimate performance with the Eco-Friendly ScentOasis Organic Argan Hair Oil. Designed for modern users seeking quality in beauty.,https://images.unsplash.com/photo-1519785455179?auto=format&fit=crop&w=600&q=80
178,HO-BRE-3142,Ultra-Light BrewMaster Memory Foam Pillow,BrewMaster,Home & Kitchen,458.78,37,4.0,Experience the ultimate performance with the Ultra-Light BrewMaster Memory Foam Pillow. Designed for modern users seeking quality in home & kitchen.,https://images.unsplash.com/photo-1514888386313?auto=format&fit=crop&w=600&q=80
179,HO-CLE-2586,Minimalist CleanSweep Non-Stick Frying Pan,CleanSweep,Home & Kitchen,39.85,117,3.9,Experience the ultimate performance with the Minimalist CleanSweep Non-Stick Frying Pan. Designed for modern users seeking quality in home & kitchen.,https://images.unsplash.com/photo-1527112904128?auto=format&fit=crop&w=600&q=80
180,CL-LUX-9171,Classic LuxeSilk Athletic Running Shorts,LuxeSilk,Clothing,528.64,33,4.9,Experience the ultimate performance with the Classic LuxeSilk Athletic Running Shorts. Designed for modern users seeking quality in clothing.,https://images.unsplash.com/photo-1562300409580?auto=format&fit=crop&w=600&q=80
181,CL-VOG-1797,Sleek Vogue Athletic Running Shorts,Vogue,Clothing,39.81,130,3.9,Experience the ultimate performance with the Sleek Vogue Athletic Running Shorts. Designed for modern users seeking quality in clothing.,https://images.unsplash.com/photo-1556296271299?auto=format&fit=crop&w=600&q=80
182,CL-URB-6995,Ultra-Light UrbanFit Water-Resistant Windbreaker,UrbanFit,Clothing,36.68,0,4.3,Experience the ultimate performance with the Ultra-Light UrbanFit Water-Resistant Windbreaker. Designed for modern users seeking quality in clothing.,https://images.unsplash.com/photo-1574571471785?auto=format&fit=crop&w=600&q=80
183,HO-COO-8378,Pro-Series CookSmart Digital Food Scale,CookSmart,Home & Kitchen,460.99,40,3.7,Experience the ultimate performance with the Pro-Series CookSmart Digital Food Scale. Designed for modern users seeking quality in home & kitchen.,https://images.unsplash.com/photo-1551954851371?auto=format&fit=crop&w=600&q=80
184,HO-BRE-3363,Sleek BrewMaster Ceramic Coffee Mug,BrewMaster,Home & Kitchen,127.43,138,3.6,Experience the ultimate performance with the Sleek BrewMaster Ceramic Coffee Mug. Designed for modern users seeking quality in home & kitchen.,https://images.unsplash.com/photo-1517347003397?auto=format&fit=crop&w=600&q=80
185,HO-CLE-3440,Classic CleanSweep Ceramic Coffee Mug,CleanSweep,Home & Kitchen,367.68,93,4.9,Experience the ultimate performance with the Classic CleanSweep Ceramic Coffee Mug. Designed for modern users seeking quality in home & kitchen.,https://images.unsplash.com/photo-1522842912545?auto=format&fit=crop&w=600&q=80
186,BE-COL-6511,Compact ColorPop Mineral Sunscreen SPF 50,ColorPop,Beauty,309.31,135,4.6,Experience the ultimate performance with the Compact ColorPop Mineral Sunscreen SPF 50. Designed for modern users seeking quality in beauty.,https://images.unsplash.com/photo-1565712100125?auto=format&fit=crop&w=600&q=80
187,EL-VOL-7824,Eco-Friendly Volt Bluetooth Speaker,Volt,Electronics,354.37,16,4.4,Experience the ultimate performance with the Eco-Friendly Volt Bluetooth Speaker. Designed for modern users seeking quality in electronics.,https://images.unsplash.com/photo-1579793939676?auto=format&fit=crop&w=600&q=80
188,CL-THR-3793,Classic ThreadCo Athletic Running Shorts,ThreadCo,Clothing,319.29,107,3.7,Experience the ultimate performance with the Classic ThreadCo Athletic Running Shorts. Designed for modern users seeking quality in clothing.,https://images.unsplash.com/photo-1532988470817?auto=format&fit=crop&w=600&q=80
189,EL-AUR-4125,Eco-Friendly Aura Charging Pad,Aura,Electronics,21.16,48,4.1,Experience the ultimate performance with the Eco-Friendly Aura Charging Pad. Designed for modern users seeking quality in electronics.,https://images.unsplash.com/photo-1556710282950?auto=format&fit=crop&w=600&q=80
190,SP-WIL-3262,Premium WildCore Waterproof Camping Tent,WildCore,Sports & Outdoors,316.01,132,4.3,Experience the ultimate performance with the Premium WildCore Waterproof Camping Tent. Designed for modern users seeking quality in sports & outdoors.,https://images.unsplash.com/photo-1560873354999?auto=format&fit=crop&w=600&q=80
191,SP-HYD-5331,Sleek HydroFit Lightweight Backpack,HydroFit,Sports & Outdoors,369.94,2,3.9,Experience the ultimate performance with the Sleek HydroFit Lightweight Backpack. Designed for modern users seeking quality in sports & outdoors.,https://images.unsplash.com/photo-1531346815220?auto=format&fit=crop&w=600&q=80
192,HO-BRE-6194,Classic BrewMaster Non-Stick Frying Pan,BrewMaster,Home & Kitchen,293.07,80,3.9,Experience the ultimate performance with the Classic BrewMaster Non-Stick Frying Pan. Designed for modern users seeking quality in home & kitchen.,https://images.unsplash.com/photo-1592657377313?auto=format&fit=crop&w=600&q=80
193,SP-IRO-3399,Sleek IronGear Waterproof Camping Tent,IronGear,Sports & Outdoors,181.36,30,4.0,Experience the ultimate performance with the Sleek IronGear Waterproof Camping Tent. Designed for modern users seeking quality in sports & outdoors.,https://images.unsplash.com/photo-1587799336844?auto=format&fit=crop&w=600&q=80
194,HO-CLE-9824,Ergonomic CleanSweep Non-Stick Frying Pan,CleanSweep,Home & Kitchen,169.96,79,3.7,Experience the ultimate performance with the Ergonomic CleanSweep Non-Stick Frying Pan. Designed for modern users seeking quality in home & kitchen.,https://images.unsplash.com/photo-1532585188887?auto=format&fit=crop&w=600&q=80
195,CL-THR-4814,Ergonomic ThreadCo Athletic Running Shorts,ThreadCo,Clothing,40.96,130,3.7,Experience the ultimate performance with the Ergonomic ThreadCo Athletic Running Shorts. Designed for modern users seeking quality in clothing.,https://images.unsplash.com/photo-1520490284200?auto=format&fit=crop&w=600&q=80
196,EL-AUR-8793,Ultra-Light Aura Smart Watch,Aura,Electronics,291.68,3,4.0,Experience the ultimate performance with the Ultra-Light Aura Smart Watch. Designed for modern users seeking quality in electronics.,https://images.unsplash.com/photo-1507069077735?auto=format&fit=crop&w=600&q=80
197,EL-AUR-1611,Pro-Series Aura Smart Watch,Aura,Electronics,548.8,2,4.9,Experience the ultimate performance with the Pro-Series Aura Smart Watch. Designed for modern users seeking quality in electronics.,https://images.unsplash.com/photo-1555131072929?auto=format&fit=crop&w=600&q=80
198,BE-PUR-1151,Premium PureRadiance Mineral Sunscreen SPF 50,PureRadiance,Beauty,186.04,95,3.9,Experience the ultimate performance with the Premium PureRadiance Mineral Sunscreen SPF 50. Designed for modern users seeking quality in beauty.,https://images.unsplash.com/photo-1590147495786?auto=format&fit=crop&w=600&q=80
199,SP-WIL-9261,Minimalist WildCore Waterproof Camping Tent,WildCore,Sports & Outdoors,286.12,1,4.0,Experience the ultimate performance with the Minimalist WildCore Waterproof Camping Tent. Designed for modern users seeking quality in sports & outdoors.,https://images.unsplash.com/photo-1563269675334?auto=format&fit=crop&w=600&q=80
200,HO-NES-5833,Sleek NestComfort Stainless Steel Kettle,NestComfort,Home & Kitchen,344.98,54,4.4,Experience the ultimate performance with the Sleek NestComfort Stainless Steel Kettle. Designed for modern users seeking quality in home & kitchen.,https://images.unsplash.com/photo-1570556448208?auto=format&fit=crop&w=600&q=80
